Who,account_id,account_name,campaign_id,campaign_name,lead_id,lead_name,type,direction,Content,status,twilio_message_sid,from_number,to_number,ai_generated,metadata,ai_prompt,ai_model,ai_response,ai_prompt_tokens,ai_completion_tokens,ai_total_tokens,ai_cost,sent_at,delivered_at,read_at,failed_at,bump_number,is_bump,triggered_by,Attachment,sentiment_score,interactions_id,agent_name
Bump 3,2,van de Kerkhof,1,Reactivation of our lives,2,Danique van de Kerkhof,Whatsapp,Outbound,maybe its not for you,sent,,,,false,,,,,,,,,2026-01-28 18:22:52+00:00,,,,3,true,Automation,,,43,Sophie
Bump 2,2,van de Kerkhof,1,Reactivation of our lives,2,Danique van de Kerkhof,Whatsapp,Outbound,Lets go,sent,,,,false,,,,,,,,,2026-01-28 18:15:41+00:00,,,,2,true,Automation,,,40,Sophie
Bump 1,2,van de Kerkhof,1,Reactivation of our lives,2,Danique van de Kerkhof,Whatsapp,Outbound,Are you still here,sent,,,,false,,,,,,,,,2026-01-28 18:13:58+00:00,,,,1,true,Automation,,,39,Sophie
Start,2,van de Kerkhof,1,Reactivation of our lives,2,Danique van de Kerkhof,Whatsapp,Outbound,"Hey Danique! 👋

I noticed you reached out about kicking ass a while back but we never got to connect.

Still interested? I've got some time this week to chat.

- Sophie",sent,,,,false,,,,,,,,,2026-01-28 18:10:37+00:00,,,,0,false,Automation,,,37,Sophie